PairIndex,Response,Drug1,Drug2,Conc1,Conc2,ConcUnit
1,11.109594052093382,hsa-miR-124-3p,hsa-miR-363-3p,5.0,5.0,nM
1,14.247495353962114,hsa-miR-124-3p,hsa-miR-363-3p,5.0,2.5,nM
1,14.811109630215066,hsa-miR-124-3p,hsa-miR-363-3p,5.0,1.0,nM
1,12.836990183813693,hsa-miR-124-3p,hsa-miR-363-3p,5.0,0.5,nM
1,3.858193665380331,hsa-miR-124-3p,hsa-miR-363-3p,5.0,0.0,nM
1,43.51522219767287,hsa-miR-124-3p,hsa-miR-363-3p,2.5,5.0,nM
1,18.714345712839147,hsa-miR-124-3p,hsa-miR-363-3p,2.5,2.5,nM
1,16.257662969741297,hsa-miR-124-3p,hsa-miR-363-3p,2.5,1.0,nM
1,17.561148702010755,hsa-miR-124-3p,hsa-miR-363-3p,2.5,0.5,nM
1,11.420366009118018,hsa-miR-124-3p,hsa-miR-363-3p,2.5,0.0,nM
1,47.2877090442957,hsa-miR-124-3p,hsa-miR-363-3p,1.0,5.0,nM
1,63.78119305354303,hsa-miR-124-3p,hsa-miR-363-3p,1.0,2.5,nM
1,36.634051434871274,hsa-miR-124-3p,hsa-miR-363-3p,1.0,1.0,nM
1,42.08905788643166,hsa-miR-124-3p,hsa-miR-363-3p,1.0,0.5,nM
1,55.62384821291459,hsa-miR-124-3p,hsa-miR-363-3p,1.0,0.0,nM
1,78.4079214635295,hsa-miR-124-3p,hsa-miR-363-3p,0.5,5.0,nM
1,65.13214986236574,hsa-miR-124-3p,hsa-miR-363-3p,0.5,2.5,nM
1,41.13593969595883,hsa-miR-124-3p,hsa-miR-363-3p,0.5,1.0,nM
1,70.90923637503901,hsa-miR-124-3p,hsa-miR-363-3p,0.5,0.5,nM
1,85.44840447042534,hsa-miR-124-3p,hsa-miR-363-3p,0.5,0.0,nM
1,63.79817243013849,hsa-miR-124-3p,hsa-miR-363-3p,0.0,5.0,nM
1,61.211808119750266,hsa-miR-124-3p,hsa-miR-363-3p,0.0,2.5,nM
1,83.51960928284676,hsa-miR-124-3p,hsa-miR-363-3p,0.0,1.0,nM
1,88.0615638213638,hsa-miR-124-3p,hsa-miR-363-3p,0.0,0.5,nM
1,66.45829772404659,hsa-miR-124-3p,hsa-miR-363-3p,0.0,0.0,nM
1,13.293275053852264,hsa-miR-124-3p,hsa-miR-363-3p,5.0,5.0,nM
1,16.195738184510752,hsa-miR-124-3p,hsa-miR-363-3p,5.0,2.5,nM
1,7.773818149143136,hsa-miR-124-3p,hsa-miR-363-3p,5.0,1.0,nM
1,6.703576701087713,hsa-miR-124-3p,hsa-miR-363-3p,5.0,0.5,nM
1,4.2781846874345035,hsa-miR-124-3p,hsa-miR-363-3p,5.0,0.0,nM
1,28.805238588855843,hsa-miR-124-3p,hsa-miR-363-3p,2.5,5.0,nM
1,28.83690128030297,hsa-miR-124-3p,hsa-miR-363-3p,2.5,2.5,nM
1,12.440115911396193,hsa-miR-124-3p,hsa-miR-363-3p,2.5,1.0,nM
1,15.73152042114732,hsa-miR-124-3p,hsa-miR-363-3p,2.5,0.5,nM
1,10.954047349258998,hsa-miR-124-3p,hsa-miR-363-3p,2.5,0.0,nM
1,38.01004679701023,hsa-miR-124-3p,hsa-miR-363-3p,1.0,5.0,nM
1,56.41065117097456,hsa-miR-124-3p,hsa-miR-363-3p,1.0,2.5,nM
1,56.31947455912788,hsa-miR-124-3p,hsa-miR-363-3p,1.0,1.0,nM
1,45.06450133961714,hsa-miR-124-3p,hsa-miR-363-3p,1.0,0.5,nM
1,18.801366452929535,hsa-miR-124-3p,hsa-miR-363-3p,1.0,0.0,nM
1,44.014018650898066,hsa-miR-124-3p,hsa-miR-363-3p,0.5,5.0,nM
1,61.75154335386761,hsa-miR-124-3p,hsa-miR-363-3p,0.5,2.5,nM
1,95.67390396617286,hsa-miR-124-3p,hsa-miR-363-3p,0.5,1.0,nM
1,45.39652334808074,hsa-miR-124-3p,hsa-miR-363-3p,0.5,0.5,nM
1,50.71269842630167,hsa-miR-124-3p,hsa-miR-363-3p,0.5,0.0,nM
1,57.555559398907796,hsa-miR-124-3p,hsa-miR-363-3p,0.0,5.0,nM
1,81.50824771496079,hsa-miR-124-3p,hsa-miR-363-3p,0.0,2.5,nM
1,82.97824384489132,hsa-miR-124-3p,hsa-miR-363-3p,0.0,1.0,nM
1,96.94385571667398,hsa-miR-124-3p,hsa-miR-363-3p,0.0,0.5,nM
1,90.50789132599708,hsa-miR-124-3p,hsa-miR-363-3p,0.0,0.0,nM
1,21.36513751575866,hsa-miR-124-3p,hsa-miR-363-3p,5.0,5.0,nM
1,8.343394149713891,hsa-miR-124-3p,hsa-miR-363-3p,5.0,2.5,nM
1,18.22411356991835,hsa-miR-124-3p,hsa-miR-363-3p,5.0,1.0,nM
1,4.587081910045319,hsa-miR-124-3p,hsa-miR-363-3p,5.0,0.5,nM
1,7.0586511694591545,hsa-miR-124-3p,hsa-miR-363-3p,5.0,0.0,nM
1,35.659269901845605,hsa-miR-124-3p,hsa-miR-363-3p,2.5,5.0,nM
1,24.923390321375344,hsa-miR-124-3p,hsa-miR-363-3p,2.5,2.5,nM
1,15.73324246745518,hsa-miR-124-3p,hsa-miR-363-3p,2.5,1.0,nM
1,34.75869708437987,hsa-miR-124-3p,hsa-miR-363-3p,2.5,0.5,nM
1,6.1777452688600185,hsa-miR-124-3p,hsa-miR-363-3p,2.5,0.0,nM
1,54.246038961998025,hsa-miR-124-3p,hsa-miR-363-3p,1.0,5.0,nM
1,63.58178009109315,hsa-miR-124-3p,hsa-miR-363-3p,1.0,2.5,nM
1,28.586332062201027,hsa-miR-124-3p,hsa-miR-363-3p,1.0,1.0,nM
1,61.579533888330104,hsa-miR-124-3p,hsa-miR-363-3p,1.0,0.5,nM
1,36.56127775790122,hsa-miR-124-3p,hsa-miR-363-3p,1.0,0.0,nM
1,47.79635560240185,hsa-miR-124-3p,hsa-miR-363-3p,0.5,5.0,nM
1,50.91081411386629,hsa-miR-124-3p,hsa-miR-363-3p,0.5,2.5,nM
1,69.88389556241466,hsa-miR-124-3p,hsa-miR-363-3p,0.5,1.0,nM
1,70.43232139023232,hsa-miR-124-3p,hsa-miR-363-3p,0.5,0.5,nM
1,47.284793045881074,hsa-miR-124-3p,hsa-miR-363-3p,0.5,0.0,nM
1,49.18248807713974,hsa-miR-124-3p,hsa-miR-363-3p,0.0,5.0,nM
1,70.19006391564297,hsa-miR-124-3p,hsa-miR-363-3p,0.0,2.5,nM
1,87.36818761565945,hsa-miR-124-3p,hsa-miR-363-3p,0.0,1.0,nM
1,77.22945629321049,hsa-miR-124-3p,hsa-miR-363-3p,0.0,0.5,nM
1,108.18950692550486,hsa-miR-124-3p,hsa-miR-363-3p,0.0,0.0,nM
1,17.23790912971723,hsa-miR-124-3p,hsa-miR-363-3p,5.0,5.0,nM
1,23.785427680217126,hsa-miR-124-3p,hsa-miR-363-3p,5.0,2.5,nM
1,9.258095783120162,hsa-miR-124-3p,hsa-miR-363-3p,5.0,1.0,nM
1,10.712490173501504,hsa-miR-124-3p,hsa-miR-363-3p,5.0,0.5,nM
1,5.037252367660124,hsa-miR-124-3p,hsa-miR-363-3p,5.0,0.0,nM
1,33.59556960650949,hsa-miR-124-3p,hsa-miR-363-3p,2.5,5.0,nM
1,40.51044655571022,hsa-miR-124-3p,hsa-miR-363-3p,2.5,2.5,nM
1,20.98927220829702,hsa-miR-124-3p,hsa-miR-363-3p,2.5,1.0,nM
1,14.711850881030175,hsa-miR-124-3p,hsa-miR-363-3p,2.5,0.5,nM
1,15.362175929038099,hsa-miR-124-3p,hsa-miR-363-3p,2.5,0.0,nM
1,48.99878017701753,hsa-miR-124-3p,hsa-miR-363-3p,1.0,5.0,nM
1,41.3145503390098,hsa-miR-124-3p,hsa-miR-363-3p,1.0,2.5,nM
1,30.716549266255306,hsa-miR-124-3p,hsa-miR-363-3p,1.0,1.0,nM
1,39.79207771792449,hsa-miR-124-3p,hsa-miR-363-3p,1.0,0.5,nM
1,44.71476521480005,hsa-miR-124-3p,hsa-miR-363-3p,1.0,0.0,nM
1,58.86703542604571,hsa-miR-124-3p,hsa-miR-363-3p,0.5,5.0,nM
1,53.267078596598616,hsa-miR-124-3p,hsa-miR-363-3p,0.5,2.5,nM
1,58.969106850866766,hsa-miR-124-3p,hsa-miR-363-3p,0.5,1.0,nM
1,63.72995643572991,hsa-miR-124-3p,hsa-miR-363-3p,0.5,0.5,nM
1,70.525541497031,hsa-miR-124-3p,hsa-miR-363-3p,0.5,0.0,nM
1,53.030676079455986,hsa-miR-124-3p,hsa-miR-363-3p,0.0,5.0,nM
1,56.306226282866106,hsa-miR-124-3p,hsa-miR-363-3p,0.0,2.5,nM
1,95.28826891599131,hsa-miR-124-3p,hsa-miR-363-3p,0.0,1.0,nM
1,99.12126846987225,hsa-miR-124-3p,hsa-miR-363-3p,0.0,0.5,nM
1,101.22959272519931,hsa-miR-124-3p,hsa-miR-363-3p,0.0,0.0,nM
1,14.425061288919633,hsa-miR-124-3p,hsa-miR-363-3p,5.0,5.0,nM
1,4.278732298160402,hsa-miR-124-3p,hsa-miR-363-3p,5.0,2.5,nM
1,9.80188356621532,hsa-miR-124-3p,hsa-miR-363-3p,5.0,1.0,nM
1,12.788371076388522,hsa-miR-124-3p,hsa-miR-363-3p,5.0,0.5,nM
1,2.416569970418057,hsa-miR-124-3p,hsa-miR-363-3p,5.0,0.0,nM
1,30.10298416676577,hsa-miR-124-3p,hsa-miR-363-3p,2.5,5.0,nM
1,21.173680407251094,hsa-miR-124-3p,hsa-miR-363-3p,2.5,2.5,nM
1,28.311378668379824,hsa-miR-124-3p,hsa-miR-363-3p,2.5,1.0,nM
1,20.836939991903975,hsa-miR-124-3p,hsa-miR-363-3p,2.5,0.5,nM
1,12.511707116568179,hsa-miR-124-3p,hsa-miR-363-3p,2.5,0.0,nM
1,42.40335429823304,hsa-miR-124-3p,hsa-miR-363-3p,1.0,5.0,nM
1,42.9379807949704,hsa-miR-124-3p,hsa-miR-363-3p,1.0,2.5,nM
1,39.21318315076648,hsa-miR-124-3p,hsa-miR-363-3p,1.0,1.0,nM
1,53.97646983296605,hsa-miR-124-3p,hsa-miR-363-3p,1.0,0.5,nM
1,29.54626955605297,hsa-miR-124-3p,hsa-miR-363-3p,1.0,0.0,nM
1,52.379007835327926,hsa-miR-124-3p,hsa-miR-363-3p,0.5,5.0,nM
1,40.21991438295726,hsa-miR-124-3p,hsa-miR-363-3p,0.5,2.5,nM
1,75.49684810133172,hsa-miR-124-3p,hsa-miR-363-3p,0.5,1.0,nM
1,47.522676522848464,hsa-miR-124-3p,hsa-miR-363-3p,0.5,0.5,nM
1,74.45858046108974,hsa-miR-124-3p,hsa-miR-363-3p,0.5,0.0,nM
1,60.05981654133738,hsa-miR-124-3p,hsa-miR-363-3p,0.0,5.0,nM
1,65.16781918155581,hsa-miR-124-3p,hsa-miR-363-3p,0.0,2.5,nM
1,95.58548262841876,hsa-miR-124-3p,hsa-miR-363-3p,0.0,1.0,nM
1,99.00247023524756,hsa-miR-124-3p,hsa-miR-363-3p,0.0,0.5,nM
1,93.00117329329125,hsa-miR-124-3p,hsa-miR-363-3p,0.0,0.0,nM
1,15.728076328531605,hsa-miR-124-3p,hsa-miR-363-3p,5.0,5.0,nM
1,10.777962374126234,hsa-miR-124-3p,hsa-miR-363-3p,5.0,2.5,nM
1,13.844961289346125,hsa-miR-124-3p,hsa-miR-363-3p,5.0,1.0,nM
1,7.874484384176982,hsa-miR-124-3p,hsa-miR-363-3p,5.0,0.5,nM
1,8.099726893213838,hsa-miR-124-3p,hsa-miR-363-3p,5.0,0.0,nM
1,34.10813094988884,hsa-miR-124-3p,hsa-miR-363-3p,2.5,5.0,nM
1,25.556403063834942,hsa-miR-124-3p,hsa-miR-363-3p,2.5,2.5,nM
1,27.378890592675127,hsa-miR-124-3p,hsa-miR-363-3p,2.5,1.0,nM
1,15.732461806462283,hsa-miR-124-3p,hsa-miR-363-3p,2.5,0.5,nM
1,18.739740155725684,hsa-miR-124-3p,hsa-miR-363-3p,2.5,0.0,nM
1,64.13820769408798,hsa-miR-124-3p,hsa-miR-363-3p,1.0,5.0,nM
1,65.11891306641267,hsa-miR-124-3p,hsa-miR-363-3p,1.0,2.5,nM
1,53.00220491383274,hsa-miR-124-3p,hsa-miR-363-3p,1.0,1.0,nM
1,66.74380152158061,hsa-miR-124-3p,hsa-miR-363-3p,1.0,0.5,nM
1,63.826471391130944,hsa-miR-124-3p,hsa-miR-363-3p,1.0,0.0,nM
1,57.63667926031659,hsa-miR-124-3p,hsa-miR-363-3p,0.5,5.0,nM
1,88.53815735752636,hsa-miR-124-3p,hsa-miR-363-3p,0.5,2.5,nM
1,74.65902665132431,hsa-miR-124-3p,hsa-miR-363-3p,0.5,1.0,nM
1,78.42359208493102,hsa-miR-124-3p,hsa-miR-363-3p,0.5,0.5,nM
1,64.72479406808775,hsa-miR-124-3p,hsa-miR-363-3p,0.5,0.0,nM
1,77.8494618458914,hsa-miR-124-3p,hsa-miR-363-3p,0.0,5.0,nM
1,71.65033622408846,hsa-miR-124-3p,hsa-miR-363-3p,0.0,2.5,nM
1,91.66547381475614,hsa-miR-124-3p,hsa-miR-363-3p,0.0,1.0,nM
1,69.06392599246537,hsa-miR-124-3p,hsa-miR-363-3p,0.0,0.5,nM
1,100.99752976475247,hsa-miR-124-3p,hsa-miR-363-3p,0.0,0.0,nM
2,3.4872865622628364,hsa-miR-124-3p,hsa-miR-34b-5p,5.0,5.0,nM
2,9.819332260928153,hsa-miR-124-3p,hsa-miR-34b-5p,5.0,2.5,nM
2,4.254811692676796,hsa-miR-124-3p,hsa-miR-34b-5p,5.0,1.0,nM
2,10.690394857236663,hsa-miR-124-3p,hsa-miR-34b-5p,5.0,0.5,nM
2,5.389798042283484,hsa-miR-124-3p,hsa-miR-34b-5p,5.0,0.0,nM
2,7.3220275409281905,hsa-miR-124-3p,hsa-miR-34b-5p,2.5,5.0,nM
2,8.565333987325827,hsa-miR-124-3p,hsa-miR-34b-5p,2.5,2.5,nM
2,7.981015030885456,hsa-miR-124-3p,hsa-miR-34b-5p,2.5,1.0,nM
2,9.980092590246866,hsa-miR-124-3p,hsa-miR-34b-5p,2.5,0.5,nM
2,8.494009632711428,hsa-miR-124-3p,hsa-miR-34b-5p,2.5,0.0,nM
2,7.158836494119781,hsa-miR-124-3p,hsa-miR-34b-5p,1.0,5.0,nM
2,10.64771856158419,hsa-miR-124-3p,hsa-miR-34b-5p,1.0,2.5,nM
2,5.808352055176355,hsa-miR-124-3p,hsa-miR-34b-5p,1.0,1.0,nM
2,10.092960015601877,hsa-miR-124-3p,hsa-miR-34b-5p,1.0,0.5,nM
2,41.36219816641879,hsa-miR-124-3p,hsa-miR-34b-5p,1.0,0.0,nM
2,2.957462294091521,hsa-miR-124-3p,hsa-miR-34b-5p,0.5,5.0,nM
2,8.31300331356185,hsa-miR-124-3p,hsa-miR-34b-5p,0.5,2.5,nM
2,14.933528561754615,hsa-miR-124-3p,hsa-miR-34b-5p,0.5,1.0,nM
2,19.092996748293803,hsa-miR-124-3p,hsa-miR-34b-5p,0.5,0.5,nM
2,81.23519950410699,hsa-miR-124-3p,hsa-miR-34b-5p,0.5,0.0,nM
2,11.804307219182663,hsa-miR-124-3p,hsa-miR-34b-5p,0.0,5.0,nM
2,7.287846547406381,hsa-miR-124-3p,hsa-miR-34b-5p,0.0,2.5,nM
2,13.736161565995626,hsa-miR-124-3p,hsa-miR-34b-5p,0.0,1.0,nM
2,16.115667500911478,hsa-miR-124-3p,hsa-miR-34b-5p,0.0,0.5,nM
2,89.17449998212756,hsa-miR-124-3p,hsa-miR-34b-5p,0.0,0.0,nM
2,15.387639864830133,hsa-miR-124-3p,hsa-miR-34b-5p,5.0,5.0,nM
2,6.595512721257099,hsa-miR-124-3p,hsa-miR-34b-5p,5.0,2.5,nM
2,8.497948726944733,hsa-miR-124-3p,hsa-miR-34b-5p,5.0,1.0,nM
2,4.234877589427941,hsa-miR-124-3p,hsa-miR-34b-5p,5.0,0.5,nM
2,7.561470972330115,hsa-miR-124-3p,hsa-miR-34b-5p,5.0,0.0,nM
2,7.373799603625453,hsa-miR-124-3p,hsa-miR-34b-5p,2.5,5.0,nM
2,7.599602159251853,hsa-miR-124-3p,hsa-miR-34b-5p,2.5,2.5,nM
2,4.903637895593791,hsa-miR-124-3p,hsa-miR-34b-5p,2.5,1.0,nM
2,11.003358058410353,hsa-miR-124-3p,hsa-miR-34b-5p,2.5,0.5,nM
2,7.3360513379520915,hsa-miR-124-3p,hsa-miR-34b-5p,2.5,0.0,nM
2,7.379784274266756,hsa-miR-124-3p,hsa-miR-34b-5p,1.0,5.0,nM
2,14.177897298290254,hsa-miR-124-3p,hsa-miR-34b-5p,1.0,2.5,nM
2,9.604518990171849,hsa-miR-124-3p,hsa-miR-34b-5p,1.0,1.0,nM
2,4.088739302213931,hsa-miR-124-3p,hsa-miR-34b-5p,1.0,0.5,nM
2,49.3776833241165,hsa-miR-124-3p,hsa-miR-34b-5p,1.0,0.0,nM
2,9.665153737414883,hsa-miR-124-3p,hsa-miR-34b-5p,0.5,5.0,nM
2,9.923098369655069,hsa-miR-124-3p,hsa-miR-34b-5p,0.5,2.5,nM
2,7.116845017047736,hsa-miR-124-3p,hsa-miR-34b-5p,0.5,1.0,nM
2,21.368736574482742,hsa-miR-124-3p,hsa-miR-34b-5p,0.5,0.5,nM
2,79.01743062517237,hsa-miR-124-3p,hsa-miR-34b-5p,0.5,0.0,nM
2,10.431085027502263,hsa-miR-124-3p,hsa-miR-34b-5p,0.0,5.0,nM
2,11.053681679863752,hsa-miR-124-3p,hsa-miR-34b-5p,0.0,2.5,nM
2,19.694061017413212,hsa-miR-124-3p,hsa-miR-34b-5p,0.0,1.0,nM
2,42.90282908822305,hsa-miR-124-3p,hsa-miR-34b-5p,0.0,0.5,nM
2,97.77113750402906,hsa-miR-124-3p,hsa-miR-34b-5p,0.0,0.0,nM
2,5.912727508150687,hsa-miR-124-3p,hsa-miR-34b-5p,5.0,5.0,nM
2,11.42948836243778,hsa-miR-124-3p,hsa-miR-34b-5p,5.0,2.5,nM
2,8.409952314150988,hsa-miR-124-3p,hsa-miR-34b-5p,5.0,1.0,nM
2,8.994497693590402,hsa-miR-124-3p,hsa-miR-34b-5p,5.0,0.5,nM
2,5.408374717454758,hsa-miR-124-3p,hsa-miR-34b-5p,5.0,0.0,nM
2,12.966201278425322,hsa-miR-124-3p,hsa-miR-34b-5p,2.5,5.0,nM
2,5.975717498550408,hsa-miR-124-3p,hsa-miR-34b-5p,2.5,2.5,nM
2,16.19654712806872,hsa-miR-124-3p,hsa-miR-34b-5p,2.5,1.0,nM
2,10.794160965963577,hsa-miR-124-3p,hsa-miR-34b-5p,2.5,0.5,nM
2,4.35205815093134,hsa-miR-124-3p,hsa-miR-34b-5p,2.5,0.0,nM
2,5.784023791862788,hsa-miR-124-3p,hsa-miR-34b-5p,1.0,5.0,nM
2,6.478556362919417,hsa-miR-124-3p,hsa-miR-34b-5p,1.0,2.5,nM
2,13.274247548786512,hsa-miR-124-3p,hsa-miR-34b-5p,1.0,1.0,nM
2,17.12771171162252,hsa-miR-124-3p,hsa-miR-34b-5p,1.0,0.5,nM
2,52.69441398756046,hsa-miR-124-3p,hsa-miR-34b-5p,1.0,0.0,nM
2,7.324380564251552,hsa-miR-124-3p,hsa-miR-34b-5p,0.5,5.0,nM
2,11.246973666544596,hsa-miR-124-3p,hsa-miR-34b-5p,0.5,2.5,nM
2,14.396506484030473,hsa-miR-124-3p,hsa-miR-34b-5p,0.5,1.0,nM
2,16.012955813013424,hsa-miR-124-3p,hsa-miR-34b-5p,0.5,0.5,nM
2,65.0438795285578,hsa-miR-124-3p,hsa-miR-34b-5p,0.5,0.0,nM
2,7.539643351255954,hsa-miR-124-3p,hsa-miR-34b-5p,0.0,5.0,nM
2,10.983568244327552,hsa-miR-124-3p,hsa-miR-34b-5p,0.0,2.5,nM
2,9.938859186254943,hsa-miR-124-3p,hsa-miR-34b-5p,0.0,1.0,nM
2,17.395956370485724,hsa-miR-124-3p,hsa-miR-34b-5p,0.0,0.5,nM
2,80.07078593404168,hsa-miR-124-3p,hsa-miR-34b-5p,0.0,0.0,nM
2,5.54958275485633,hsa-miR-124-3p,hsa-miR-34b-5p,5.0,5.0,nM
2,4.53821781314241,hsa-miR-124-3p,hsa-miR-34b-5p,5.0,2.5,nM
2,5.526007015039576,hsa-miR-124-3p,hsa-miR-34b-5p,5.0,1.0,nM
2,9.433591824229557,hsa-miR-124-3p,hsa-miR-34b-5p,5.0,0.5,nM
2,4.9837561199209235,hsa-miR-124-3p,hsa-miR-34b-5p,5.0,0.0,nM
2,11.378709675152976,hsa-miR-124-3p,hsa-miR-34b-5p,2.5,5.0,nM
2,3.803286495423655,hsa-miR-124-3p,hsa-miR-34b-5p,2.5,2.5,nM
2,16.041680456225027,hsa-miR-124-3p,hsa-miR-34b-5p,2.5,1.0,nM
2,15.225736321349595,hsa-miR-124-3p,hsa-miR-34b-5p,2.5,0.5,nM
2,17.022658099567728,hsa-miR-124-3p,hsa-miR-34b-5p,2.5,0.0,nM
2,9.658338849110432,hsa-miR-124-3p,hsa-miR-34b-5p,1.0,5.0,nM
2,10.91747270710766,hsa-miR-124-3p,hsa-miR-34b-5p,1.0,2.5,nM
2,12.444274067303867,hsa-miR-124-3p,hsa-miR-34b-5p,1.0,1.0,nM
2,27.021941703858264,hsa-miR-124-3p,hsa-miR-34b-5p,1.0,0.5,nM
2,45.34867474202443,hsa-miR-124-3p,hsa-miR-34b-5p,1.0,0.0,nM
2,4.718994379542961,hsa-miR-124-3p,hsa-miR-34b-5p,0.5,5.0,nM
2,13.458049748007575,hsa-miR-124-3p,hsa-miR-34b-5p,0.5,2.5,nM
2,14.011986955660031,hsa-miR-124-3p,hsa-miR-34b-5p,0.5,1.0,nM
2,18.526173408195955,hsa-miR-124-3p,hsa-miR-34b-5p,0.5,0.5,nM
2,56.72744046796883,hsa-miR-124-3p,hsa-miR-34b-5p,0.5,0.0,nM
2,8.559345986934538,hsa-miR-124-3p,hsa-miR-34b-5p,0.0,5.0,nM
2,11.346799571121542,hsa-miR-124-3p,hsa-miR-34b-5p,0.0,2.5,nM
2,9.356430417889893,hsa-miR-124-3p,hsa-miR-34b-5p,0.0,1.0,nM
2,14.952175161675592,hsa-miR-124-3p,hsa-miR-34b-5p,0.0,0.5,nM
2,93.36937451018336,hsa-miR-124-3p,hsa-miR-34b-5p,0.0,0.0,nM
2,6.728385284527329,hsa-miR-124-3p,hsa-miR-34b-5p,5.0,5.0,nM
2,4.292938439931884,hsa-miR-124-3p,hsa-miR-34b-5p,5.0,2.5,nM
2,12.337544481089514,hsa-miR-124-3p,hsa-miR-34b-5p,5.0,1.0,nM
2,17.78070898135517,hsa-miR-124-3p,hsa-miR-34b-5p,5.0,0.5,nM
2,3.468717656508197,hsa-miR-124-3p,hsa-miR-34b-5p,5.0,0.0,nM
2,10.351725986171914,hsa-miR-124-3p,hsa-miR-34b-5p,2.5,5.0,nM
2,6.2146303897879145,hsa-miR-124-3p,hsa-miR-34b-5p,2.5,2.5,nM
2,14.868731627029222,hsa-miR-124-3p,hsa-miR-34b-5p,2.5,1.0,nM
2,17.07943033682713,hsa-miR-124-3p,hsa-miR-34b-5p,2.5,0.5,nM
2,11.491421712175311,hsa-miR-124-3p,hsa-miR-34b-5p,2.5,0.0,nM
2,11.554476077741427,hsa-miR-124-3p,hsa-miR-34b-5p,1.0,5.0,nM
2,8.197264533802342,hsa-miR-124-3p,hsa-miR-34b-5p,1.0,2.5,nM
2,11.450943051513525,hsa-miR-124-3p,hsa-miR-34b-5p,1.0,1.0,nM
2,12.397957245000157,hsa-miR-124-3p,hsa-miR-34b-5p,1.0,0.5,nM
2,35.835334850674506,hsa-miR-124-3p,hsa-miR-34b-5p,1.0,0.0,nM
2,7.073944518229545,hsa-miR-124-3p,hsa-miR-34b-5p,0.5,5.0,nM
2,15.415376682212584,hsa-miR-124-3p,hsa-miR-34b-5p,0.5,2.5,nM
2,21.860274267399646,hsa-miR-124-3p,hsa-miR-34b-5p,0.5,1.0,nM
2,34.18559912099928,hsa-miR-124-3p,hsa-miR-34b-5p,0.5,0.5,nM
2,87.50742735419247,hsa-miR-124-3p,hsa-miR-34b-5p,0.5,0.0,nM
2,9.964331773646993,hsa-miR-124-3p,hsa-miR-34b-5p,0.0,5.0,nM
2,13.601162402401075,hsa-miR-124-3p,hsa-miR-34b-5p,0.0,2.5,nM
2,21.818286120077587,hsa-miR-124-3p,hsa-miR-34b-5p,0.0,1.0,nM
2,42.887911808286276,hsa-miR-124-3p,hsa-miR-34b-5p,0.0,0.5,nM
2,103.30315083308486,hsa-miR-124-3p,hsa-miR-34b-5p,0.0,0.0,nM
2,6.848901145599927,hsa-miR-124-3p,hsa-miR-34b-5p,5.0,5.0,nM
2,4.562550516122624,hsa-miR-124-3p,hsa-miR-34b-5p,5.0,2.5,nM
2,12.587364523364132,hsa-miR-124-3p,hsa-miR-34b-5p,5.0,1.0,nM
2,6.599224282574704,hsa-miR-124-3p,hsa-miR-34b-5p,5.0,0.5,nM
2,7.466504282899244,hsa-miR-124-3p,hsa-miR-34b-5p,5.0,0.0,nM
2,11.251746308191036,hsa-miR-124-3p,hsa-miR-34b-5p,2.5,5.0,nM
2,12.71380622949495,hsa-miR-124-3p,hsa-miR-34b-5p,2.5,2.5,nM
2,10.852664673215644,hsa-miR-124-3p,hsa-miR-34b-5p,2.5,1.0,nM
2,16.321912215037425,hsa-miR-124-3p,hsa-miR-34b-5p,2.5,0.5,nM
2,19.74014475721791,hsa-miR-124-3p,hsa-miR-34b-5p,2.5,0.0,nM
2,5.04166602175884,hsa-miR-124-3p,hsa-miR-34b-5p,1.0,5.0,nM
2,8.21204418407304,hsa-miR-124-3p,hsa-miR-34b-5p,1.0,2.5,nM
2,16.910256839210742,hsa-miR-124-3p,hsa-miR-34b-5p,1.0,1.0,nM
2,25.885187257009065,hsa-miR-124-3p,hsa-miR-34b-5p,1.0,0.5,nM
2,50.599834758937114,hsa-miR-124-3p,hsa-miR-34b-5p,1.0,0.0,nM
2,4.968364905569483,hsa-miR-124-3p,hsa-miR-34b-5p,0.5,5.0,nM
2,12.12092204617421,hsa-miR-124-3p,hsa-miR-34b-5p,0.5,2.5,nM
2,15.778297232341227,hsa-miR-124-3p,hsa-miR-34b-5p,0.5,1.0,nM
2,34.814966264998745,hsa-miR-124-3p,hsa-miR-34b-5p,0.5,0.5,nM
2,61.07056656456303,hsa-miR-124-3p,hsa-miR-34b-5p,0.5,0.0,nM
2,11.700308027956735,hsa-miR-124-3p,hsa-miR-34b-5p,0.0,5.0,nM
2,9.061958428304509,hsa-miR-124-3p,hsa-miR-34b-5p,0.0,2.5,nM
2,16.299702782631552,hsa-miR-124-3p,hsa-miR-34b-5p,0.0,1.0,nM
2,43.52528145141848,hsa-miR-124-3p,hsa-miR-34b-5p,0.0,0.5,nM
2,92.88993490888187,hsa-miR-124-3p,hsa-miR-34b-5p,0.0,0.0,nM
3,10.853998462069345,hsa-miR-137,hsa-miR-450b-3p,5.0,5.0,nM
3,26.27430458982282,hsa-miR-137,hsa-miR-450b-3p,5.0,2.5,nM
3,35.07551092231171,hsa-miR-137,hsa-miR-450b-3p,5.0,1.0,nM
3,60.23486749151212,hsa-miR-137,hsa-miR-450b-3p,5.0,0.5,nM
3,89.25738763003231,hsa-miR-137,hsa-miR-450b-3p,5.0,0.0,nM
3,5.692390259880115,hsa-miR-137,hsa-miR-450b-3p,2.5,5.0,nM
3,11.385731416631277,hsa-miR-137,hsa-miR-450b-3p,2.5,2.5,nM
3,35.53240804089493,hsa-miR-137,hsa-miR-450b-3p,2.5,1.0,nM
3,48.842151901310736,hsa-miR-137,hsa-miR-450b-3p,2.5,0.5,nM
3,75.36760928964195,hsa-miR-137,hsa-miR-450b-3p,2.5,0.0,nM
3,6.418416415698415,hsa-miR-137,hsa-miR-450b-3p,1.0,5.0,nM
3,32.5958266321798,hsa-miR-137,hsa-miR-450b-3p,1.0,2.5,nM
3,36.81987700338144,hsa-miR-137,hsa-miR-450b-3p,1.0,1.0,nM
3,73.14026578853905,hsa-miR-137,hsa-miR-450b-3p,1.0,0.5,nM
3,82.39173566196963,hsa-miR-137,hsa-miR-450b-3p,1.0,0.0,nM
3,12.00030842352624,hsa-miR-137,hsa-miR-450b-3p,0.5,5.0,nM
3,19.912300067942468,hsa-miR-137,hsa-miR-450b-3p,0.5,2.5,nM
3,42.657387493829575,hsa-miR-137,hsa-miR-450b-3p,0.5,1.0,nM
3,62.40485450760808,hsa-miR-137,hsa-miR-450b-3p,0.5,0.5,nM
3,89.38062588233834,hsa-miR-137,hsa-miR-450b-3p,0.5,0.0,nM
3,14.484053572974817,hsa-miR-137,hsa-miR-450b-3p,0.0,5.0,nM
3,24.303173566600524,hsa-miR-137,hsa-miR-450b-3p,0.0,2.5,nM
3,35.20608898866216,hsa-miR-137,hsa-miR-450b-3p,0.0,1.0,nM
3,66.07049888867397,hsa-miR-137,hsa-miR-450b-3p,0.0,0.5,nM
3,73.24333846926943,hsa-miR-137,hsa-miR-450b-3p,0.0,0.0,nM
3,10.945544355795244,hsa-miR-137,hsa-miR-450b-3p,5.0,5.0,nM
3,19.673037263731455,hsa-miR-137,hsa-miR-450b-3p,5.0,2.5,nM
3,47.80513202320259,hsa-miR-137,hsa-miR-450b-3p,5.0,1.0,nM
3,60.10316701373563,hsa-miR-137,hsa-miR-450b-3p,5.0,0.5,nM
3,99.25374773805723,hsa-miR-137,hsa-miR-450b-3p,5.0,0.0,nM
3,31.058841826275888,hsa-miR-137,hsa-miR-450b-3p,2.5,5.0,nM
3,21.07824592367285,hsa-miR-137,hsa-miR-450b-3p,2.5,2.5,nM
3,43.40118053972655,hsa-miR-137,hsa-miR-450b-3p,2.5,1.0,nM
3,57.71089208982692,hsa-miR-137,hsa-miR-450b-3p,2.5,0.5,nM
3,87.41148745468136,hsa-miR-137,hsa-miR-450b-3p,2.5,0.0,nM
3,8.00190058305112,hsa-miR-137,hsa-miR-450b-3p,1.0,5.0,nM
3,24.198461408506276,hsa-miR-137,hsa-miR-450b-3p,1.0,2.5,nM
3,26.8322187367494,hsa-miR-137,hsa-miR-450b-3p,1.0,1.0,nM
3,58.82886431561746,hsa-miR-137,hsa-miR-450b-3p,1.0,0.5,nM
3,91.03965086093622,hsa-miR-137,hsa-miR-450b-3p,1.0,0.0,nM
3,6.53003581804031,hsa-miR-137,hsa-miR-450b-3p,0.5,5.0,nM
3,30.94724386325337,hsa-miR-137,hsa-miR-450b-3p,0.5,2.5,nM
3,43.835490704781314,hsa-miR-137,hsa-miR-450b-3p,0.5,1.0,nM
3,42.80664299076387,hsa-miR-137,hsa-miR-450b-3p,0.5,0.5,nM
3,99.60747128499537,hsa-miR-137,hsa-miR-450b-3p,0.5,0.0,nM
3,36.02633212517304,hsa-miR-137,hsa-miR-450b-3p,0.0,5.0,nM
3,20.620491232314677,hsa-miR-137,hsa-miR-450b-3p,0.0,2.5,nM
3,42.23469239532965,hsa-miR-137,hsa-miR-450b-3p,0.0,1.0,nM
3,68.5605875543843,hsa-miR-137,hsa-miR-450b-3p,0.0,0.5,nM
3,115.59001725764318,hsa-miR-137,hsa-miR-450b-3p,0.0,0.0,nM
3,14.682745618112099,hsa-miR-137,hsa-miR-450b-3p,5.0,5.0,nM
3,31.7454423349023,hsa-miR-137,hsa-miR-450b-3p,5.0,2.5,nM
3,30.959993952598577,hsa-miR-137,hsa-miR-450b-3p,5.0,1.0,nM
3,66.79659819040542,hsa-miR-137,hsa-miR-450b-3p,5.0,0.5,nM
3,116.48457916419494,hsa-miR-137,hsa-miR-450b-3p,5.0,0.0,nM
3,14.039654316450054,hsa-miR-137,hsa-miR-450b-3p,2.5,5.0,nM
3,19.220377563565627,hsa-miR-137,hsa-miR-450b-3p,2.5,2.5,nM
3,38.387091249602335,hsa-miR-137,hsa-miR-450b-3p,2.5,1.0,nM
3,56.25625949304687,hsa-miR-137,hsa-miR-450b-3p,2.5,0.5,nM
3,94.04393007341504,hsa-miR-137,hsa-miR-450b-3p,2.5,0.0,nM
3,18.64652265211645,hsa-miR-137,hsa-miR-450b-3p,1.0,5.0,nM
3,11.416389643335739,hsa-miR-137,hsa-miR-450b-3p,1.0,2.5,nM
3,64.63082336999818,hsa-miR-137,hsa-miR-450b-3p,1.0,1.0,nM
3,47.479065198256585,hsa-miR-137,hsa-miR-450b-3p,1.0,0.5,nM
3,76.50342659597004,hsa-miR-137,hsa-miR-450b-3p,1.0,0.0,nM
3,7.779183888850902,hsa-miR-137,hsa-miR-450b-3p,0.5,5.0,nM
3,12.937080566515602,hsa-miR-137,hsa-miR-450b-3p,0.5,2.5,nM
3,44.87639488310539,hsa-miR-137,hsa-miR-450b-3p,0.5,1.0,nM
3,87.80825358810343,hsa-miR-137,hsa-miR-450b-3p,0.5,0.5,nM
3,110.47602073923731,hsa-miR-137,hsa-miR-450b-3p,0.5,0.0,nM
3,19.960879043370507,hsa-miR-137,hsa-miR-450b-3p,0.0,5.0,nM
3,17.29454656104363,hsa-miR-137,hsa-miR-450b-3p,0.0,2.5,nM
3,48.58998767138246,hsa-miR-137,hsa-miR-450b-3p,0.0,1.0,nM
3,86.56859430782035,hsa-miR-137,hsa-miR-450b-3p,0.0,0.5,nM
3,81.79127077176832,hsa-miR-137,hsa-miR-450b-3p,0.0,0.0,nM
3,8.3908476705839,hsa-miR-137,hsa-miR-450b-3p,5.0,5.0,nM
3,12.089710385314762,hsa-miR-137,hsa-miR-450b-3p,5.0,2.5,nM
3,45.26290797732104,hsa-miR-137,hsa-miR-450b-3p,5.0,1.0,nM
3,85.31676506095161,hsa-miR-137,hsa-miR-450b-3p,5.0,0.5,nM
3,62.238195327888036,hsa-miR-137,hsa-miR-450b-3p,5.0,0.0,nM
3,15.022495773364298,hsa-miR-137,hsa-miR-450b-3p,2.5,5.0,nM
3,13.975739921987614,hsa-miR-137,hsa-miR-450b-3p,2.5,2.5,nM
3,50.90388296593361,hsa-miR-137,hsa-miR-450b-3p,2.5,1.0,nM
3,68.92378223593991,hsa-miR-137,hsa-miR-450b-3p,2.5,0.5,nM
3,118.62287382171077,hsa-miR-137,hsa-miR-450b-3p,2.5,0.0,nM
3,3.5565081563620518,hsa-miR-137,hsa-miR-450b-3p,1.0,5.0,nM
3,9.968125785546121,hsa-miR-137,hsa-miR-450b-3p,1.0,2.5,nM
3,40.55397587007128,hsa-miR-137,hsa-miR-450b-3p,1.0,1.0,nM
3,77.91489049262285,hsa-miR-137,hsa-miR-450b-3p,1.0,0.5,nM
3,92.5174631453686,hsa-miR-137,hsa-miR-450b-3p,1.0,0.0,nM
3,11.794554014359957,hsa-miR-137,hsa-miR-450b-3p,0.5,5.0,nM
3,27.11599965707179,hsa-miR-137,hsa-miR-450b-3p,0.5,2.5,nM
3,55.98918863047167,hsa-miR-137,hsa-miR-450b-3p,0.5,1.0,nM
3,71.6356543548895,hsa-miR-137,hsa-miR-450b-3p,0.5,0.5,nM
3,86.7832145061159,hsa-miR-137,hsa-miR-450b-3p,0.5,0.0,nM
3,18.01334388282368,hsa-miR-137,hsa-miR-450b-3p,0.0,5.0,nM
3,27.562895963735368,hsa-miR-137,hsa-miR-450b-3p,0.0,2.5,nM
3,48.47398834220614,hsa-miR-137,hsa-miR-450b-3p,0.0,1.0,nM
3,58.85678587626068,hsa-miR-137,hsa-miR-450b-3p,0.0,0.5,nM
3,99.21863769974163,hsa-miR-137,hsa-miR-450b-3p,0.0,0.0,nM
3,8.293777999278177,hsa-miR-137,hsa-miR-450b-3p,5.0,5.0,nM
3,15.400332248915744,hsa-miR-137,hsa-miR-450b-3p,5.0,2.5,nM
3,26.98731329537195,hsa-miR-137,hsa-miR-450b-3p,5.0,1.0,nM
3,57.65474629579637,hsa-miR-137,hsa-miR-450b-3p,5.0,0.5,nM
3,89.0251241330286,hsa-miR-137,hsa-miR-450b-3p,5.0,0.0,nM
3,10.825660726402983,hsa-miR-137,hsa-miR-450b-3p,2.5,5.0,nM
3,17.143840757210526,hsa-miR-137,hsa-miR-450b-3p,2.5,2.5,nM
3,37.015214425604945,hsa-miR-137,hsa-miR-450b-3p,2.5,1.0,nM
3,71.10641845046638,hsa-miR-137,hsa-miR-450b-3p,2.5,0.5,nM
3,95.94632916099795,hsa-miR-137,hsa-miR-450b-3p,2.5,0.0,nM
3,6.904598383409742,hsa-miR-137,hsa-miR-450b-3p,1.0,5.0,nM
3,13.496545911255698,hsa-miR-137,hsa-miR-450b-3p,1.0,2.5,nM
3,27.021868433656696,hsa-miR-137,hsa-miR-450b-3p,1.0,1.0,nM
3,89.02951288781804,hsa-miR-137,hsa-miR-450b-3p,1.0,0.5,nM
3,72.012633257666,hsa-miR-137,hsa-miR-450b-3p,1.0,0.0,nM
3,9.845568546914313,hsa-miR-137,hsa-miR-450b-3p,0.5,5.0,nM
3,20.97145289046291,hsa-miR-137,hsa-miR-450b-3p,0.5,2.5,nM
3,27.92651943167845,hsa-miR-137,hsa-miR-450b-3p,0.5,1.0,nM
3,51.251653948904455,hsa-miR-137,hsa-miR-450b-3p,0.5,0.5,nM
3,85.74514788476775,hsa-miR-137,hsa-miR-450b-3p,0.5,0.0,nM
3,14.926208006647501,hsa-miR-137,hsa-miR-450b-3p,0.0,5.0,nM
3,17.579966958729894,hsa-miR-137,hsa-miR-450b-3p,0.0,2.5,nM
3,59.53593306856363,hsa-miR-137,hsa-miR-450b-3p,0.0,1.0,nM
3,36.44146040507047,hsa-miR-137,hsa-miR-450b-3p,0.0,0.5,nM
3,96.07930338657253,hsa-miR-137,hsa-miR-450b-3p,0.0,0.0,nM
3,14.607304436645185,hsa-miR-137,hsa-miR-450b-3p,5.0,5.0,nM
3,28.168342342849982,hsa-miR-137,hsa-miR-450b-3p,5.0,2.5,nM
3,53.70472826028424,hsa-miR-137,hsa-miR-450b-3p,5.0,1.0,nM
3,58.50134718377264,hsa-miR-137,hsa-miR-450b-3p,5.0,0.5,nM
3,67.6660130364682,hsa-miR-137,hsa-miR-450b-3p,5.0,0.0,nM
3,16.736972920954166,hsa-miR-137,hsa-miR-450b-3p,2.5,5.0,nM
3,12.67225452679248,hsa-miR-137,hsa-miR-450b-3p,2.5,2.5,nM
3,42.192154263419276,hsa-miR-137,hsa-miR-450b-3p,2.5,1.0,nM
3,52.40935197235812,hsa-miR-137,hsa-miR-450b-3p,2.5,0.5,nM
3,106.3631647673994,hsa-miR-137,hsa-miR-450b-3p,2.5,0.0,nM
3,35.36877558861589,hsa-miR-137,hsa-miR-450b-3p,1.0,5.0,nM
3,46.377361632461415,hsa-miR-137,hsa-miR-450b-3p,1.0,2.5,nM
3,49.6165148943618,hsa-miR-137,hsa-miR-450b-3p,1.0,1.0,nM
3,85.47507551748022,hsa-miR-137,hsa-miR-450b-3p,1.0,0.5,nM
3,107.01399944676467,hsa-miR-137,hsa-miR-450b-3p,1.0,0.0,nM
3,21.129927294727914,hsa-miR-137,hsa-miR-450b-3p,0.5,5.0,nM
3,18.01919555587628,hsa-miR-137,hsa-miR-450b-3p,0.5,2.5,nM
3,34.682717368655986,hsa-miR-137,hsa-miR-450b-3p,0.5,1.0,nM
3,80.61507187683156,hsa-miR-137,hsa-miR-450b-3p,0.5,0.5,nM
3,107.49104952555922,hsa-miR-137,hsa-miR-450b-3p,0.5,0.0,nM
3,21.086342419577516,hsa-miR-137,hsa-miR-450b-3p,0.0,5.0,nM
3,26.587280818586507,hsa-miR-137,hsa-miR-450b-3p,0.0,2.5,nM
3,47.91502745203955,hsa-miR-137,hsa-miR-450b-3p,0.0,1.0,nM
3,46.32568026140635,hsa-miR-137,hsa-miR-450b-3p,0.0,0.5,nM
3,91.46689866196199,hsa-miR-137,hsa-miR-450b-3p,0.0,0.0,nM
4,3.6083108078729818,hsa-miR-137,hsa-miR-449b-5p,5.0,5.0,nM
4,7.430404513239911,hsa-miR-137,hsa-miR-449b-5p,5.0,2.5,nM
4,39.14066092213219,hsa-miR-137,hsa-miR-449b-5p,5.0,1.0,nM
4,36.25082117230929,hsa-miR-137,hsa-miR-449b-5p,5.0,0.5,nM
4,112.87964906373418,hsa-miR-137,hsa-miR-449b-5p,5.0,0.0,nM
4,11.179583582754171,hsa-miR-137,hsa-miR-449b-5p,2.5,5.0,nM
4,21.362108126755977,hsa-miR-137,hsa-miR-449b-5p,2.5,2.5,nM
4,29.754062309125654,hsa-miR-137,hsa-miR-449b-5p,2.5,1.0,nM
4,61.109677231824584,hsa-miR-137,hsa-miR-449b-5p,2.5,0.5,nM
4,106.79558626564132,hsa-miR-137,hsa-miR-449b-5p,2.5,0.0,nM
4,10.565666144311685,hsa-miR-137,hsa-miR-449b-5p,1.0,5.0,nM
4,14.019148217182503,hsa-miR-137,hsa-miR-449b-5p,1.0,2.5,nM
4,15.845061090189882,hsa-miR-137,hsa-miR-449b-5p,1.0,1.0,nM
4,45.60471315060147,hsa-miR-137,hsa-miR-449b-5p,1.0,0.5,nM
4,89.5746181134639,hsa-miR-137,hsa-miR-449b-5p,1.0,0.0,nM
4,11.264221824159169,hsa-miR-137,hsa-miR-449b-5p,0.5,5.0,nM
4,11.848999525203649,hsa-miR-137,hsa-miR-449b-5p,0.5,2.5,nM
4,40.33606726138171,hsa-miR-137,hsa-miR-449b-5p,0.5,1.0,nM
4,39.820487368274485,hsa-miR-137,hsa-miR-449b-5p,0.5,0.5,nM
4,107.15372693855792,hsa-miR-137,hsa-miR-449b-5p,0.5,0.0,nM
4,8.66386057847191,hsa-miR-137,hsa-miR-449b-5p,0.0,5.0,nM
4,10.00812986582227,hsa-miR-137,hsa-miR-449b-5p,0.0,2.5,nM
4,17.655702806212332,hsa-miR-137,hsa-miR-449b-5p,0.0,1.0,nM
4,42.971351454590405,hsa-miR-137,hsa-miR-449b-5p,0.0,0.5,nM
4,91.18337344138075,hsa-miR-137,hsa-miR-449b-5p,0.0,0.0,nM
4,7.980168582932877,hsa-miR-137,hsa-miR-449b-5p,5.0,5.0,nM
4,10.658224106876723,hsa-miR-137,hsa-miR-449b-5p,5.0,2.5,nM
4,26.41979924486245,hsa-miR-137,hsa-miR-449b-5p,5.0,1.0,nM
4,33.67093875368884,hsa-miR-137,hsa-miR-449b-5p,5.0,0.5,nM
4,81.66340914227462,hsa-miR-137,hsa-miR-449b-5p,5.0,0.0,nM
4,9.323358128146456,hsa-miR-137,hsa-miR-449b-5p,2.5,5.0,nM
4,14.365947365750811,hsa-miR-137,hsa-miR-449b-5p,2.5,2.5,nM
4,29.075650530732563,hsa-miR-137,hsa-miR-449b-5p,2.5,1.0,nM
4,51.611755149015785,hsa-miR-137,hsa-miR-449b-5p,2.5,0.5,nM
4,109.51467440901831,hsa-miR-137,hsa-miR-449b-5p,2.5,0.0,nM
4,9.44697832530713,hsa-miR-137,hsa-miR-449b-5p,1.0,5.0,nM
4,13.528427784693664,hsa-miR-137,hsa-miR-449b-5p,1.0,2.5,nM
4,23.502705981307138,hsa-miR-137,hsa-miR-449b-5p,1.0,1.0,nM
4,26.83918173102422,hsa-miR-137,hsa-miR-449b-5p,1.0,0.5,nM
4,99.90967285965486,hsa-miR-137,hsa-miR-449b-5p,1.0,0.0,nM
4,7.907093134421536,hsa-miR-137,hsa-miR-449b-5p,0.5,5.0,nM
4,12.729539515249225,hsa-miR-137,hsa-miR-449b-5p,0.5,2.5,nM
4,31.96468017167344,hsa-miR-137,hsa-miR-449b-5p,0.5,1.0,nM
4,34.31260544413482,hsa-miR-137,hsa-miR-449b-5p,0.5,0.5,nM
4,90.28012622028393,hsa-miR-137,hsa-miR-449b-5p,0.5,0.0,nM
4,13.115477804878674,hsa-miR-137,hsa-miR-449b-5p,0.0,5.0,nM
4,15.209597173721152,hsa-miR-137,hsa-miR-449b-5p,0.0,2.5,nM
4,47.03901697180527,hsa-miR-137,hsa-miR-449b-5p,0.0,1.0,nM
4,45.59713198240705,hsa-miR-137,hsa-miR-449b-5p,0.0,0.5,nM
4,97.25630026514017,hsa-miR-137,hsa-miR-449b-5p,0.0,0.0,nM
4,16.052485237518844,hsa-miR-137,hsa-miR-449b-5p,5.0,5.0,nM
4,20.606240266299963,hsa-miR-137,hsa-miR-449b-5p,5.0,2.5,nM
4,36.043723486768606,hsa-miR-137,hsa-miR-449b-5p,5.0,1.0,nM
4,47.795211294049544,hsa-miR-137,hsa-miR-449b-5p,5.0,0.5,nM
4,105.83650198757192,hsa-miR-137,hsa-miR-449b-5p,5.0,0.0,nM
4,9.051209908497356,hsa-miR-137,hsa-miR-449b-5p,2.5,5.0,nM
4,12.20958261594363,hsa-miR-137,hsa-miR-449b-5p,2.5,2.5,nM
4,29.069629124415457,hsa-miR-137,hsa-miR-449b-5p,2.5,1.0,nM
4,41.414624462782946,hsa-miR-137,hsa-miR-449b-5p,2.5,0.5,nM
4,89.36440090416856,hsa-miR-137,hsa-miR-449b-5p,2.5,0.0,nM
4,14.47204744694065,hsa-miR-137,hsa-miR-449b-5p,1.0,5.0,nM
4,11.677897274614772,hsa-miR-137,hsa-miR-449b-5p,1.0,2.5,nM
4,25.47691714443342,hsa-miR-137,hsa-miR-449b-5p,1.0,1.0,nM
4,40.304098188485305,hsa-miR-137,hsa-miR-449b-5p,1.0,0.5,nM
4,101.54880122505874,hsa-miR-137,hsa-miR-449b-5p,1.0,0.0,nM
4,4.880087441459961,hsa-miR-137,hsa-miR-449b-5p,0.5,5.0,nM
4,11.787806076667833,hsa-miR-137,hsa-miR-449b-5p,0.5,2.5,nM
4,19.46535304569261,hsa-miR-137,hsa-miR-449b-5p,0.5,1.0,nM
4,29.734655969489218,hsa-miR-137,hsa-miR-449b-5p,0.5,0.5,nM
4,107.75689532034195,hsa-miR-137,hsa-miR-449b-5p,0.5,0.0,nM
4,12.288356636336996,hsa-miR-137,hsa-miR-449b-5p,0.0,5.0,nM
4,14.123507168834866,hsa-miR-137,hsa-miR-449b-5p,0.0,2.5,nM
4,31.48343922222196,hsa-miR-137,hsa-miR-449b-5p,0.0,1.0,nM
4,40.74397522024442,hsa-miR-137,hsa-miR-449b-5p,0.0,0.5,nM
4,105.47659600276317,hsa-miR-137,hsa-miR-449b-5p,0.0,0.0,nM
4,51.331336564063676,hsa-miR-137,hsa-miR-449b-5p,5.0,5.0,nM
4,55.82681211804878,hsa-miR-137,hsa-miR-449b-5p,5.0,2.5,nM
4,23.87511424348913,hsa-miR-137,hsa-miR-449b-5p,5.0,1.0,nM
4,55.8079740637475,hsa-miR-137,hsa-miR-449b-5p,5.0,0.5,nM
4,105.78449783381721,hsa-miR-137,hsa-miR-449b-5p,5.0,0.0,nM
4,11.369572252353704,hsa-miR-137,hsa-miR-449b-5p,2.5,5.0,nM
4,18.42452031760331,hsa-miR-137,hsa-miR-449b-5p,2.5,2.5,nM
4,31.875084547557574,hsa-miR-137,hsa-miR-449b-5p,2.5,1.0,nM
4,55.51568194264401,hsa-miR-137,hsa-miR-449b-5p,2.5,0.5,nM
4,103.75521135789097,hsa-miR-137,hsa-miR-449b-5p,2.5,0.0,nM
4,11.007260123253591,hsa-miR-137,hsa-miR-449b-5p,1.0,5.0,nM
4,17.022294389892007,hsa-miR-137,hsa-miR-449b-5p,1.0,2.5,nM
4,28.83842163125169,hsa-miR-137,hsa-miR-449b-5p,1.0,1.0,nM
4,51.23788385437522,hsa-miR-137,hsa-miR-449b-5p,1.0,0.5,nM
4,97.9764870612553,hsa-miR-137,hsa-miR-449b-5p,1.0,0.0,nM
4,11.73199320204991,hsa-miR-137,hsa-miR-449b-5p,0.5,5.0,nM
4,13.767712184322937,hsa-miR-137,hsa-miR-449b-5p,0.5,2.5,nM
4,32.59652882611644,hsa-miR-137,hsa-miR-449b-5p,0.5,1.0,nM
4,57.07635065826546,hsa-miR-137,hsa-miR-449b-5p,0.5,0.5,nM
4,103.49809247167993,hsa-miR-137,hsa-miR-449b-5p,0.5,0.0,nM
4,8.643549818770179,hsa-miR-137,hsa-miR-449b-5p,0.0,5.0,nM
4,23.232202161776765,hsa-miR-137,hsa-miR-449b-5p,0.0,2.5,nM
4,19.53932686868058,hsa-miR-137,hsa-miR-449b-5p,0.0,1.0,nM
4,53.04116204339543,hsa-miR-137,hsa-miR-449b-5p,0.0,0.5,nM
4,100.65710107832507,hsa-miR-137,hsa-miR-449b-5p,0.0,0.0,nM
4,5.203933908076969,hsa-miR-137,hsa-miR-449b-5p,5.0,5.0,nM
4,17.885253808080034,hsa-miR-137,hsa-miR-449b-5p,5.0,2.5,nM
4,29.20602969602829,hsa-miR-137,hsa-miR-449b-5p,5.0,1.0,nM
4,65.63717022341547,hsa-miR-137,hsa-miR-449b-5p,5.0,0.5,nM
4,84.61675175550594,hsa-miR-137,hsa-miR-449b-5p,5.0,0.0,nM
4,9.2684520918293,hsa-miR-137,hsa-miR-449b-5p,2.5,5.0,nM
4,27.16797711652795,hsa-miR-137,hsa-miR-449b-5p,2.5,2.5,nM
4,34.349350532081935,hsa-miR-137,hsa-miR-449b-5p,2.5,1.0,nM
4,63.15985726220052,hsa-miR-137,hsa-miR-449b-5p,2.5,0.5,nM
4,84.21133457917601,hsa-miR-137,hsa-miR-449b-5p,2.5,0.0,nM
4,8.4178812939475,hsa-miR-137,hsa-miR-449b-5p,1.0,5.0,nM
4,12.238734444518979,hsa-miR-137,hsa-miR-449b-5p,1.0,2.5,nM
4,20.048462164263675,hsa-miR-137,hsa-miR-449b-5p,1.0,1.0,nM
4,41.81451597106688,hsa-miR-137,hsa-miR-449b-5p,1.0,0.5,nM
4,96.05420750481967,hsa-miR-137,hsa-miR-449b-5p,1.0,0.0,nM
4,11.136321350218873,hsa-miR-137,hsa-miR-449b-5p,0.5,5.0,nM
4,10.660194968783724,hsa-miR-137,hsa-miR-449b-5p,0.5,2.5,nM
4,21.874217851965593,hsa-miR-137,hsa-miR-449b-5p,0.5,1.0,nM
4,45.55263644978271,hsa-miR-137,hsa-miR-449b-5p,0.5,0.5,nM
4,111.90993664077979,hsa-miR-137,hsa-miR-449b-5p,0.5,0.0,nM
4,17.910850830516374,hsa-miR-137,hsa-miR-449b-5p,0.0,5.0,nM
4,18.682727409775275,hsa-miR-137,hsa-miR-449b-5p,0.0,2.5,nM
4,20.936764690163827,hsa-miR-137,hsa-miR-449b-5p,0.0,1.0,nM
4,61.09117773048892,hsa-miR-137,hsa-miR-449b-5p,0.0,0.5,nM
4,101.3637457558154,hsa-miR-137,hsa-miR-449b-5p,0.0,0.0,nM
4,4.8681957685425585,hsa-miR-137,hsa-miR-449b-5p,5.0,5.0,nM
4,13.451298164419022,hsa-miR-137,hsa-miR-449b-5p,5.0,2.5,nM
4,29.865192320090415,hsa-miR-137,hsa-miR-449b-5p,5.0,1.0,nM
4,55.969330825397456,hsa-miR-137,hsa-miR-449b-5p,5.0,0.5,nM
4,106.32295423445846,hsa-miR-137,hsa-miR-449b-5p,5.0,0.0,nM
4,7.632703210492936,hsa-miR-137,hsa-miR-449b-5p,2.5,5.0,nM
4,12.064585217239522,hsa-miR-137,hsa-miR-449b-5p,2.5,2.5,nM
4,38.3392335054456,hsa-miR-137,hsa-miR-449b-5p,2.5,1.0,nM
4,34.15473094155981,hsa-miR-137,hsa-miR-449b-5p,2.5,0.5,nM
4,89.60584962454234,hsa-miR-137,hsa-miR-449b-5p,2.5,0.0,nM
4,7.9236048462019175,hsa-miR-137,hsa-miR-449b-5p,1.0,5.0,nM
4,18.558538927279454,hsa-miR-137,hsa-miR-449b-5p,1.0,2.5,nM
4,24.621393800311697,hsa-miR-137,hsa-miR-449b-5p,1.0,1.0,nM
4,70.79281196918221,hsa-miR-137,hsa-miR-449b-5p,1.0,0.5,nM
4,109.84982975380477,hsa-miR-137,hsa-miR-449b-5p,1.0,0.0,nM
4,20.954042982587787,hsa-miR-137,hsa-miR-449b-5p,0.5,5.0,nM
4,20.20313250484264,hsa-miR-137,hsa-miR-449b-5p,0.5,2.5,nM
4,25.602012465230008,hsa-miR-137,hsa-miR-449b-5p,0.5,1.0,nM
4,61.78610605713333,hsa-miR-137,hsa-miR-449b-5p,0.5,0.5,nM
4,103.88510687609295,hsa-miR-137,hsa-miR-449b-5p,0.5,0.0,nM
4,8.80101926690418,hsa-miR-137,hsa-miR-449b-5p,0.0,5.0,nM
4,16.963337809164756,hsa-miR-137,hsa-miR-449b-5p,0.0,2.5,nM
4,34.30377888467402,hsa-miR-137,hsa-miR-449b-5p,0.0,1.0,nM
4,30.718998717029358,hsa-miR-137,hsa-miR-449b-5p,0.0,0.5,nM
4,109.6629122432505,hsa-miR-137,hsa-miR-449b-5p,0.0,0.0,nM
5,91.74876899160891,hsa-miR-137,hsa-miR-17-5p,5.0,5.0,nM
5,99.8871831299956,hsa-miR-137,hsa-miR-17-5p,5.0,2.5,nM
5,116.67108609113393,hsa-miR-137,hsa-miR-17-5p,5.0,1.0,nM
5,114.922915340276,hsa-miR-137,hsa-miR-17-5p,5.0,0.5,nM
5,112.83633947794095,hsa-miR-137,hsa-miR-17-5p,5.0,0.0,nM
5,117.34558238854108,hsa-miR-137,hsa-miR-17-5p,2.5,5.0,nM
5,101.29196992957554,hsa-miR-137,hsa-miR-17-5p,2.5,2.5,nM
5,99.24506879066658,hsa-miR-137,hsa-miR-17-5p,2.5,1.0,nM
5,113.52449833574153,hsa-miR-137,hsa-miR-17-5p,2.5,0.5,nM
5,71.27454477024746,hsa-miR-137,hsa-miR-17-5p,2.5,0.0,nM
5,86.59482482491643,hsa-miR-137,hsa-miR-17-5p,1.0,5.0,nM
5,68.44963166465156,hsa-miR-137,hsa-miR-17-5p,1.0,2.5,nM
5,98.22146872602227,hsa-miR-137,hsa-miR-17-5p,1.0,1.0,nM
5,122.48472003164827,hsa-miR-137,hsa-miR-17-5p,1.0,0.5,nM
5,114.28115198965358,hsa-miR-137,hsa-miR-17-5p,1.0,0.0,nM
5,112.39094780886329,hsa-miR-137,hsa-miR-17-5p,0.5,5.0,nM
5,94.57910292278434,hsa-miR-137,hsa-miR-17-5p,0.5,2.5,nM
5,105.78721229065734,hsa-miR-137,hsa-miR-17-5p,0.5,1.0,nM
5,121.2814657475581,hsa-miR-137,hsa-miR-17-5p,0.5,0.5,nM
5,95.02245365753112,hsa-miR-137,hsa-miR-17-5p,0.5,0.0,nM
5,86.89165727403555,hsa-miR-137,hsa-miR-17-5p,0.0,5.0,nM
5,109.24712896437845,hsa-miR-137,hsa-miR-17-5p,0.0,2.5,nM
5,81.9371786893385,hsa-miR-137,hsa-miR-17-5p,0.0,1.0,nM
5,99.31858142532406,hsa-miR-137,hsa-miR-17-5p,0.0,0.5,nM
5,91.33738422832506,hsa-miR-137,hsa-miR-17-5p,0.0,0.0,nM
5,78.42869557829106,hsa-miR-137,hsa-miR-17-5p,5.0,5.0,nM
5,87.15488580439435,hsa-miR-137,hsa-miR-17-5p,5.0,2.5,nM
5,87.23797913078349,hsa-miR-137,hsa-miR-17-5p,5.0,1.0,nM
5,104.40884064114353,hsa-miR-137,hsa-miR-17-5p,5.0,0.5,nM
5,80.82013763125157,hsa-miR-137,hsa-miR-17-5p,5.0,0.0,nM
5,108.9426267620413,hsa-miR-137,hsa-miR-17-5p,2.5,5.0,nM
5,101.88897572031722,hsa-miR-137,hsa-miR-17-5p,2.5,2.5,nM
5,123.16670408812926,hsa-miR-137,hsa-miR-17-5p,2.5,1.0,nM
5,111.67637380099659,hsa-miR-137,hsa-miR-17-5p,2.5,0.5,nM
5,109.85207749955438,hsa-miR-137,hsa-miR-17-5p,2.5,0.0,nM
5,107.28297016315203,hsa-miR-137,hsa-miR-17-5p,1.0,5.0,nM
5,111.52173077679053,hsa-miR-137,hsa-miR-17-5p,1.0,2.5,nM
5,98.5258149333787,hsa-miR-137,hsa-miR-17-5p,1.0,1.0,nM
5,91.37724094589532,hsa-miR-137,hsa-miR-17-5p,1.0,0.5,nM
5,96.57087283559565,hsa-miR-137,hsa-miR-17-5p,1.0,0.0,nM
5,115.47643753014601,hsa-miR-137,hsa-miR-17-5p,0.5,5.0,nM
5,110.85753014810996,hsa-miR-137,hsa-miR-17-5p,0.5,2.5,nM
5,110.48697707102576,hsa-miR-137,hsa-miR-17-5p,0.5,1.0,nM
5,112.22500814813783,hsa-miR-137,hsa-miR-17-5p,0.5,0.5,nM
5,115.81715656717029,hsa-miR-137,hsa-miR-17-5p,0.5,0.0,nM
5,99.48084220442122,hsa-miR-137,hsa-miR-17-5p,0.0,5.0,nM
5,95.49366249591553,hsa-miR-137,hsa-miR-17-5p,0.0,2.5,nM
5,93.0675375589115,hsa-miR-137,hsa-miR-17-5p,0.0,1.0,nM
5,108.78187393442428,hsa-miR-137,hsa-miR-17-5p,0.0,0.5,nM
5,99.13579430668237,hsa-miR-137,hsa-miR-17-5p,0.0,0.0,nM
5,110.78899635325335,hsa-miR-137,hsa-miR-17-5p,5.0,5.0,nM
5,110.99990156716719,hsa-miR-137,hsa-miR-17-5p,5.0,2.5,nM
5,111.73773182674074,hsa-miR-137,hsa-miR-17-5p,5.0,1.0,nM
5,116.98159410022824,hsa-miR-137,hsa-miR-17-5p,5.0,0.5,nM
5,95.39948052631459,hsa-miR-137,hsa-miR-17-5p,5.0,0.0,nM
5,106.21465153737213,hsa-miR-137,hsa-miR-17-5p,2.5,5.0,nM
5,111.09446052463817,hsa-miR-137,hsa-miR-17-5p,2.5,2.5,nM
5,104.23238431880216,hsa-miR-137,hsa-miR-17-5p,2.5,1.0,nM
5,98.61707199709141,hsa-miR-137,hsa-miR-17-5p,2.5,0.5,nM
5,105.88998698377881,hsa-miR-137,hsa-miR-17-5p,2.5,0.0,nM
5,108.38121382606393,hsa-miR-137,hsa-miR-17-5p,1.0,5.0,nM
5,119.74135330221614,hsa-miR-137,hsa-miR-17-5p,1.0,2.5,nM
5,106.57791184910835,hsa-miR-137,hsa-miR-17-5p,1.0,1.0,nM
5,107.93202627912244,hsa-miR-137,hsa-miR-17-5p,1.0,0.5,nM
5,100.33601968823051,hsa-miR-137,hsa-miR-17-5p,1.0,0.0,nM
5,112.03093739255846,hsa-miR-137,hsa-miR-17-5p,0.5,5.0,nM
5,87.16403750992906,hsa-miR-137,hsa-miR-17-5p,0.5,2.5,nM
5,125.94039884172687,hsa-miR-137,hsa-miR-17-5p,0.5,1.0,nM
5,100.9208838696406,hsa-miR-137,hsa-miR-17-5p,0.5,0.5,nM
5,125.61227639939459,hsa-miR-137,hsa-miR-17-5p,0.5,0.0,nM
5,107.5580153132993,hsa-miR-137,hsa-miR-17-5p,0.0,5.0,nM
5,100.25027444716939,hsa-miR-137,hsa-miR-17-5p,0.0,2.5,nM
5,102.89984919445233,hsa-miR-137,hsa-miR-17-5p,0.0,1.0,nM
5,93.78191657305236,hsa-miR-137,hsa-miR-17-5p,0.0,0.5,nM
5,99.28155861656997,hsa-miR-137,hsa-miR-17-5p,0.0,0.0,nM
5,91.34093311413612,hsa-miR-137,hsa-miR-17-5p,5.0,5.0,nM
5,122.91582516040964,hsa-miR-137,hsa-miR-17-5p,5.0,2.5,nM
5,116.5336675127141,hsa-miR-137,hsa-miR-17-5p,5.0,1.0,nM
5,118.79022590569124,hsa-miR-137,hsa-miR-17-5p,5.0,0.5,nM
5,122.03133361980946,hsa-miR-137,hsa-miR-17-5p,5.0,0.0,nM
5,116.35645721463267,hsa-miR-137,hsa-miR-17-5p,2.5,5.0,nM
5,100.34695233646163,hsa-miR-137,hsa-miR-17-5p,2.5,2.5,nM
5,113.56714996338278,hsa-miR-137,hsa-miR-17-5p,2.5,1.0,nM
5,119.04627866693761,hsa-miR-137,hsa-miR-17-5p,2.5,0.5,nM
5,120.39095540061902,hsa-miR-137,hsa-miR-17-5p,2.5,0.0,nM
5,110.40761462459184,hsa-miR-137,hsa-miR-17-5p,1.0,5.0,nM
5,92.86432809737914,hsa-miR-137,hsa-miR-17-5p,1.0,2.5,nM
5,98.77180601836956,hsa-miR-137,hsa-miR-17-5p,1.0,1.0,nM
5,100.94298315857388,hsa-miR-137,hsa-miR-17-5p,1.0,0.5,nM
5,115.6761761033577,hsa-miR-137,hsa-miR-17-5p,1.0,0.0,nM
5,95.19389214132646,hsa-miR-137,hsa-miR-17-5p,0.5,5.0,nM
5,109.01409846236787,hsa-miR-137,hsa-miR-17-5p,0.5,2.5,nM
5,108.3195178111949,hsa-miR-137,hsa-miR-17-5p,0.5,1.0,nM
5,101.88472485709299,hsa-miR-137,hsa-miR-17-5p,0.5,0.5,nM
5,100.93970726397907,hsa-miR-137,hsa-miR-17-5p,0.5,0.0,nM
5,84.19937890078447,hsa-miR-137,hsa-miR-17-5p,0.0,5.0,nM
5,95.12039250625072,hsa-miR-137,hsa-miR-17-5p,0.0,2.5,nM
5,110.05224505896298,hsa-miR-137,hsa-miR-17-5p,0.0,1.0,nM
5,106.73780670433148,hsa-miR-137,hsa-miR-17-5p,0.0,0.5,nM
5,104.93148882441557,hsa-miR-137,hsa-miR-17-5p,0.0,0.0,nM
5,82.25920432784153,hsa-miR-137,hsa-miR-17-5p,5.0,5.0,nM
5,101.79903161435878,hsa-miR-137,hsa-miR-17-5p,5.0,2.5,nM
5,83.67471578234499,hsa-miR-137,hsa-miR-17-5p,5.0,1.0,nM
5,101.95945945243265,hsa-miR-137,hsa-miR-17-5p,5.0,0.5,nM
5,115.02323311245138,hsa-miR-137,hsa-miR-17-5p,5.0,0.0,nM
5,106.70983160445829,hsa-miR-137,hsa-miR-17-5p,2.5,5.0,nM
5,106.78369522782235,hsa-miR-137,hsa-miR-17-5p,2.5,2.5,nM
5,95.3803971403416,hsa-miR-137,hsa-miR-17-5p,2.5,1.0,nM
5,122.96090770983353,hsa-miR-137,hsa-miR-17-5p,2.5,0.5,nM
5,93.69658731860643,hsa-miR-137,hsa-miR-17-5p,2.5,0.0,nM
5,104.21107800435414,hsa-miR-137,hsa-miR-17-5p,1.0,5.0,nM
5,121.83399996921699,hsa-miR-137,hsa-miR-17-5p,1.0,2.5,nM
5,116.62232466008173,hsa-miR-137,hsa-miR-17-5p,1.0,1.0,nM
5,122.60084529520178,hsa-miR-137,hsa-miR-17-5p,1.0,0.5,nM
5,95.75715101790884,hsa-miR-137,hsa-miR-17-5p,1.0,0.0,nM
5,97.40606996229289,hsa-miR-137,hsa-miR-17-5p,0.5,5.0,nM
5,112.0134009568108,hsa-miR-137,hsa-miR-17-5p,0.5,2.5,nM
5,104.44445949507129,hsa-miR-137,hsa-miR-17-5p,0.5,1.0,nM
5,110.9387385351489,hsa-miR-137,hsa-miR-17-5p,0.5,0.5,nM
5,100.49350962083444,hsa-miR-137,hsa-miR-17-5p,0.5,0.0,nM
5,107.08321859035864,hsa-miR-137,hsa-miR-17-5p,0.0,5.0,nM
5,112.42459072636878,hsa-miR-137,hsa-miR-17-5p,0.0,2.5,nM
5,112.68515434247387,hsa-miR-137,hsa-miR-17-5p,0.0,1.0,nM
5,97.15636099692857,hsa-miR-137,hsa-miR-17-5p,0.0,0.5,nM
5,111.32173221194435,hsa-miR-137,hsa-miR-17-5p,0.0,0.0,nM
5,108.79127263201178,hsa-miR-137,hsa-miR-17-5p,5.0,5.0,nM
5,118.80355047695984,hsa-miR-137,hsa-miR-17-5p,5.0,2.5,nM
5,114.86335125680996,hsa-miR-137,hsa-miR-17-5p,5.0,1.0,nM
5,103.3588384260148,hsa-miR-137,hsa-miR-17-5p,5.0,0.5,nM
5,104.81804147469751,hsa-miR-137,hsa-miR-17-5p,5.0,0.0,nM
5,101.00894303624887,hsa-miR-137,hsa-miR-17-5p,2.5,5.0,nM
5,116.29095232231806,hsa-miR-137,hsa-miR-17-5p,2.5,2.5,nM
5,100.02687663521738,hsa-miR-137,hsa-miR-17-5p,2.5,1.0,nM
5,99.59172863653939,hsa-miR-137,hsa-miR-17-5p,2.5,0.5,nM
5,110.64986183004575,hsa-miR-137,hsa-miR-17-5p,2.5,0.0,nM
5,117.70442284249062,hsa-miR-137,hsa-miR-17-5p,1.0,5.0,nM
5,119.54243370265318,hsa-miR-137,hsa-miR-17-5p,1.0,2.5,nM
5,106.84904412515623,hsa-miR-137,hsa-miR-17-5p,1.0,1.0,nM
5,106.29134906955233,hsa-miR-137,hsa-miR-17-5p,1.0,0.5,nM
5,112.38331705439046,hsa-miR-137,hsa-miR-17-5p,1.0,0.0,nM
5,115.89724699018085,hsa-miR-137,hsa-miR-17-5p,0.5,5.0,nM
5,100.994305507226,hsa-miR-137,hsa-miR-17-5p,0.5,2.5,nM
5,115.69215258929829,hsa-miR-137,hsa-miR-17-5p,0.5,1.0,nM
5,93.92705690301709,hsa-miR-137,hsa-miR-17-5p,0.5,0.5,nM
5,114.86752412254384,hsa-miR-137,hsa-miR-17-5p,0.5,0.0,nM
5,99.85317622420182,hsa-miR-137,hsa-miR-17-5p,0.0,5.0,nM
5,109.12976874056099,hsa-miR-137,hsa-miR-17-5p,0.0,2.5,nM
5,87.91055149009526,hsa-miR-137,hsa-miR-17-5p,0.0,1.0,nM
5,119.82908747928127,hsa-miR-137,hsa-miR-17-5p,0.0,0.5,nM
5,124.17705757899535,hsa-miR-137,hsa-miR-17-5p,0.0,0.0,nM
6,68.69888924142909,hsa-miR-19b-3p,hsa-miR-2110,5.0,5.0,nM
6,117.75714067409655,hsa-miR-19b-3p,hsa-miR-2110,5.0,2.5,nM
6,110.75493976774005,hsa-miR-19b-3p,hsa-miR-2110,5.0,1.0,nM
6,113.71144121378897,hsa-miR-19b-3p,hsa-miR-2110,5.0,0.5,nM
6,123.36302138068481,hsa-miR-19b-3p,hsa-miR-2110,5.0,0.0,nM
6,33.812911871100546,hsa-miR-19b-3p,hsa-miR-2110,2.5,5.0,nM
6,73.77549509651156,hsa-miR-19b-3p,hsa-miR-2110,2.5,2.5,nM
6,110.65614179545898,hsa-miR-19b-3p,hsa-miR-2110,2.5,1.0,nM
6,120.88011384800637,hsa-miR-19b-3p,hsa-miR-2110,2.5,0.5,nM
6,111.06868383771165,hsa-miR-19b-3p,hsa-miR-2110,2.5,0.0,nM
6,10.7290226365721,hsa-miR-19b-3p,hsa-miR-2110,1.0,5.0,nM
6,19.459290636133915,hsa-miR-19b-3p,hsa-miR-2110,1.0,2.5,nM
6,91.93922899468393,hsa-miR-19b-3p,hsa-miR-2110,1.0,1.0,nM
6,91.42814732882529,hsa-miR-19b-3p,hsa-miR-2110,1.0,0.5,nM
6,126.36277583386641,hsa-miR-19b-3p,hsa-miR-2110,1.0,0.0,nM
6,5.227408735798021,hsa-miR-19b-3p,hsa-miR-2110,0.5,5.0,nM
6,20.09210891716355,hsa-miR-19b-3p,hsa-miR-2110,0.5,2.5,nM
6,54.1161807181344,hsa-miR-19b-3p,hsa-miR-2110,0.5,1.0,nM
6,107.67671530381882,hsa-miR-19b-3p,hsa-miR-2110,0.5,0.5,nM
6,108.13227919912646,hsa-miR-19b-3p,hsa-miR-2110,0.5,0.0,nM
6,0.0,hsa-miR-19b-3p,hsa-miR-2110,0.0,5.0,nM
6,0.0,hsa-miR-19b-3p,hsa-miR-2110,0.0,2.5,nM
6,13.291882285547366,hsa-miR-19b-3p,hsa-miR-2110,0.0,1.0,nM
6,45.61257968773382,hsa-miR-19b-3p,hsa-miR-2110,0.0,0.5,nM
6,104.31248525925348,hsa-miR-19b-3p,hsa-miR-2110,0.0,0.0,nM
6,66.56653366627589,hsa-miR-19b-3p,hsa-miR-2110,5.0,5.0,nM
6,98.30544344941603,hsa-miR-19b-3p,hsa-miR-2110,5.0,2.5,nM
6,104.34506438691457,hsa-miR-19b-3p,hsa-miR-2110,5.0,1.0,nM
6,109.14356469189178,hsa-miR-19b-3p,hsa-miR-2110,5.0,0.5,nM
6,74.46728486195943,hsa-miR-19b-3p,hsa-miR-2110,5.0,0.0,nM
6,31.91675497149024,hsa-miR-19b-3p,hsa-miR-2110,2.5,5.0,nM
6,67.15153024781301,hsa-miR-19b-3p,hsa-miR-2110,2.5,2.5,nM
6,111.97592280090157,hsa-miR-19b-3p,hsa-miR-2110,2.5,1.0,nM
6,89.87782412409483,hsa-miR-19b-3p,hsa-miR-2110,2.5,0.5,nM
6,113.94599461619038,hsa-miR-19b-3p,hsa-miR-2110,2.5,0.0,nM
6,2.7418946009607206,hsa-miR-19b-3p,hsa-miR-2110,1.0,5.0,nM
6,37.163762173754996,hsa-miR-19b-3p,hsa-miR-2110,1.0,2.5,nM
6,82.00841470189157,hsa-miR-19b-3p,hsa-miR-2110,1.0,1.0,nM
6,114.69776206615958,hsa-miR-19b-3p,hsa-miR-2110,1.0,0.5,nM
6,114.63628867878238,hsa-miR-19b-3p,hsa-miR-2110,1.0,0.0,nM
6,0.0,hsa-miR-19b-3p,hsa-miR-2110,0.5,5.0,nM
6,13.588847288935574,hsa-miR-19b-3p,hsa-miR-2110,0.5,2.5,nM
6,51.401955940142756,hsa-miR-19b-3p,hsa-miR-2110,0.5,1.0,nM
6,94.9480936379878,hsa-miR-19b-3p,hsa-miR-2110,0.5,0.5,nM
6,114.1618925247892,hsa-miR-19b-3p,hsa-miR-2110,0.5,0.0,nM
6,0.0,hsa-miR-19b-3p,hsa-miR-2110,0.0,5.0,nM
6,4.600803060539817,hsa-miR-19b-3p,hsa-miR-2110,0.0,2.5,nM
6,27.105826735510426,hsa-miR-19b-3p,hsa-miR-2110,0.0,1.0,nM
6,55.68416681386309,hsa-miR-19b-3p,hsa-miR-2110,0.0,0.5,nM
6,124.16772311445393,hsa-miR-19b-3p,hsa-miR-2110,0.0,0.0,nM
6,80.62705153068225,hsa-miR-19b-3p,hsa-miR-2110,5.0,5.0,nM
6,97.55638186188614,hsa-miR-19b-3p,hsa-miR-2110,5.0,2.5,nM
6,103.91692624306455,hsa-miR-19b-3p,hsa-miR-2110,5.0,1.0,nM
6,110.01494757843635,hsa-miR-19b-3p,hsa-miR-2110,5.0,0.5,nM
6,109.63153094997752,hsa-miR-19b-3p,hsa-miR-2110,5.0,0.0,nM
6,40.54488006329325,hsa-miR-19b-3p,hsa-miR-2110,2.5,5.0,nM
6,70.7174218292488,hsa-miR-19b-3p,hsa-miR-2110,2.5,2.5,nM
6,121.09293876710126,hsa-miR-19b-3p,hsa-miR-2110,2.5,1.0,nM
6,109.40674040803549,hsa-miR-19b-3p,hsa-miR-2110,2.5,0.5,nM
6,120.43920784068648,hsa-miR-19b-3p,hsa-miR-2110,2.5,0.0,nM
6,4.62894267017864,hsa-miR-19b-3p,hsa-miR-2110,1.0,5.0,nM
6,22.31790512891398,hsa-miR-19b-3p,hsa-miR-2110,1.0,2.5,nM
6,83.65598578685245,hsa-miR-19b-3p,hsa-miR-2110,1.0,1.0,nM
6,100.068170056982,hsa-miR-19b-3p,hsa-miR-2110,1.0,0.5,nM
6,111.25888285178648,hsa-miR-19b-3p,hsa-miR-2110,1.0,0.0,nM
6,2.917952424398016,hsa-miR-19b-3p,hsa-miR-2110,0.5,5.0,nM
6,19.904357416852907,hsa-miR-19b-3p,hsa-miR-2110,0.5,2.5,nM
6,81.5354870561569,hsa-miR-19b-3p,hsa-miR-2110,0.5,1.0,nM
6,85.35305103904471,hsa-miR-19b-3p,hsa-miR-2110,0.5,0.5,nM
6,113.27035844158613,hsa-miR-19b-3p,hsa-miR-2110,0.5,0.0,nM
6,0.0,hsa-miR-19b-3p,hsa-miR-2110,0.0,5.0,nM
6,3.5015593620090346,hsa-miR-19b-3p,hsa-miR-2110,0.0,2.5,nM
6,23.175445965392196,hsa-miR-19b-3p,hsa-miR-2110,0.0,1.0,nM
6,47.45997667424202,hsa-miR-19b-3p,hsa-miR-2110,0.0,0.5,nM
6,93.75833000261835,hsa-miR-19b-3p,hsa-miR-2110,0.0,0.0,nM
6,92.14861379721026,hsa-miR-19b-3p,hsa-miR-2110,5.0,5.0,nM
6,109.20976993921307,hsa-miR-19b-3p,hsa-miR-2110,5.0,2.5,nM
6,126.99774248808905,hsa-miR-19b-3p,hsa-miR-2110,5.0,1.0,nM
6,106.87592959207242,hsa-miR-19b-3p,hsa-miR-2110,5.0,0.5,nM
6,112.7521109993179,hsa-miR-19b-3p,hsa-miR-2110,5.0,0.0,nM
6,30.233450185572195,hsa-miR-19b-3p,hsa-miR-2110,2.5,5.0,nM
6,69.507765345896,hsa-miR-19b-3p,hsa-miR-2110,2.5,2.5,nM
6,113.07969711935586,hsa-miR-19b-3p,hsa-miR-2110,2.5,1.0,nM
6,117.49286357675895,hsa-miR-19b-3p,hsa-miR-2110,2.5,0.5,nM
6,108.28167271983278,hsa-miR-19b-3p,hsa-miR-2110,2.5,0.0,nM
6,7.6426261961382185,hsa-miR-19b-3p,hsa-miR-2110,1.0,5.0,nM
6,25.09796802716229,hsa-miR-19b-3p,hsa-miR-2110,1.0,2.5,nM
6,77.14045939520615,hsa-miR-19b-3p,hsa-miR-2110,1.0,1.0,nM
6,116.51422519814817,hsa-miR-19b-3p,hsa-miR-2110,1.0,0.5,nM
6,100.04589768172788,hsa-miR-19b-3p,hsa-miR-2110,1.0,0.0,nM
6,8.333491345275192,hsa-miR-19b-3p,hsa-miR-2110,0.5,5.0,nM
6,21.438717392921394,hsa-miR-19b-3p,hsa-miR-2110,0.5,2.5,nM
6,45.782409948371125,hsa-miR-19b-3p,hsa-miR-2110,0.5,1.0,nM
6,102.90152076879617,hsa-miR-19b-3p,hsa-miR-2110,0.5,0.5,nM
6,127.91889148783879,hsa-miR-19b-3p,hsa-miR-2110,0.5,0.0,nM
6,1.1738133241411972,hsa-miR-19b-3p,hsa-miR-2110,0.0,5.0,nM
6,7.5261816496173415,hsa-miR-19b-3p,hsa-miR-2110,0.0,2.5,nM
6,13.26255291227317,hsa-miR-19b-3p,hsa-miR-2110,0.0,1.0,nM
6,49.37015238880164,hsa-miR-19b-3p,hsa-miR-2110,0.0,0.5,nM
6,121.96765299182485,hsa-miR-19b-3p,hsa-miR-2110,0.0,0.0,nM
6,92.34010455466064,hsa-miR-19b-3p,hsa-miR-2110,5.0,5.0,nM
6,66.4663895614245,hsa-miR-19b-3p,hsa-miR-2110,5.0,2.5,nM
6,122.58888637437066,hsa-miR-19b-3p,hsa-miR-2110,5.0,1.0,nM
6,104.75485977483187,hsa-miR-19b-3p,hsa-miR-2110,5.0,0.5,nM
6,96.4752334484519,hsa-miR-19b-3p,hsa-miR-2110,5.0,0.0,nM
6,45.517752126670196,hsa-miR-19b-3p,hsa-miR-2110,2.5,5.0,nM
6,102.55570067121502,hsa-miR-19b-3p,hsa-miR-2110,2.5,2.5,nM
6,111.48322468287172,hsa-miR-19b-3p,hsa-miR-2110,2.5,1.0,nM
6,119.45039868265563,hsa-miR-19b-3p,hsa-miR-2110,2.5,0.5,nM
6,101.04388501637445,hsa-miR-19b-3p,hsa-miR-2110,2.5,0.0,nM
6,16.448780719688564,hsa-miR-19b-3p,hsa-miR-2110,1.0,5.0,nM
6,43.966463513732755,hsa-miR-19b-3p,hsa-miR-2110,1.0,2.5,nM
6,87.78991811835904,hsa-miR-19b-3p,hsa-miR-2110,1.0,1.0,nM
6,112.74060768462623,hsa-miR-19b-3p,hsa-miR-2110,1.0,0.5,nM
6,117.5226552581886,hsa-miR-19b-3p,hsa-miR-2110,1.0,0.0,nM
6,15.835814494746236,hsa-miR-19b-3p,hsa-miR-2110,0.5,5.0,nM
6,34.865070843727814,hsa-miR-19b-3p,hsa-miR-2110,0.5,2.5,nM
6,64.87240543060064,hsa-miR-19b-3p,hsa-miR-2110,0.5,1.0,nM
6,97.96827123380169,hsa-miR-19b-3p,hsa-miR-2110,0.5,0.5,nM
6,126.00928685982414,hsa-miR-19b-3p,hsa-miR-2110,0.5,0.0,nM
6,29.81521087516844,hsa-miR-19b-3p,hsa-miR-2110,0.0,5.0,nM
6,22.124388373958805,hsa-miR-19b-3p,hsa-miR-2110,0.0,2.5,nM
6,30.882326876354636,hsa-miR-19b-3p,hsa-miR-2110,0.0,1.0,nM
6,60.680657385064464,hsa-miR-19b-3p,hsa-miR-2110,0.0,0.5,nM
6,118.43593142199687,hsa-miR-19b-3p,hsa-miR-2110,0.0,0.0,nM
6,59.336741174447226,hsa-miR-19b-3p,hsa-miR-2110,5.0,5.0,nM
6,94.55602912756217,hsa-miR-19b-3p,hsa-miR-2110,5.0,2.5,nM
6,116.08550237045448,hsa-miR-19b-3p,hsa-miR-2110,5.0,1.0,nM
6,113.09067013939863,hsa-miR-19b-3p,hsa-miR-2110,5.0,0.5,nM
6,117.06127171904168,hsa-miR-19b-3p,hsa-miR-2110,5.0,0.0,nM
6,43.5765881683962,hsa-miR-19b-3p,hsa-miR-2110,2.5,5.0,nM
6,73.42877757721688,hsa-miR-19b-3p,hsa-miR-2110,2.5,2.5,nM
6,111.7422940148111,hsa-miR-19b-3p,hsa-miR-2110,2.5,1.0,nM
6,110.94908199843498,hsa-miR-19b-3p,hsa-miR-2110,2.5,0.5,nM
6,112.4156866351315,hsa-miR-19b-3p,hsa-miR-2110,2.5,0.0,nM
6,21.94638613680885,hsa-miR-19b-3p,hsa-miR-2110,1.0,5.0,nM
6,66.66244901123468,hsa-miR-19b-3p,hsa-miR-2110,1.0,2.5,nM
6,105.77324305751333,hsa-miR-19b-3p,hsa-miR-2110,1.0,1.0,nM
6,92.07482125721997,hsa-miR-19b-3p,hsa-miR-2110,1.0,0.5,nM
6,118.511790751388,hsa-miR-19b-3p,hsa-miR-2110,1.0,0.0,nM
6,2.083442692440818,hsa-miR-19b-3p,hsa-miR-2110,0.5,5.0,nM
6,11.174728490329521,hsa-miR-19b-3p,hsa-miR-2110,0.5,2.5,nM
6,58.68820441613203,hsa-miR-19b-3p,hsa-miR-2110,0.5,1.0,nM
6,113.35233655538777,hsa-miR-19b-3p,hsa-miR-2110,0.5,0.5,nM
6,124.07346663993529,hsa-miR-19b-3p,hsa-miR-2110,0.5,0.0,nM
6,1.2758610508091683,hsa-miR-19b-3p,hsa-miR-2110,0.0,5.0,nM
6,2.0764781560518317,hsa-miR-19b-3p,hsa-miR-2110,0.0,2.5,nM
6,36.794663500816675,hsa-miR-19b-3p,hsa-miR-2110,0.0,1.0,nM
6,50.11236093779182,hsa-miR-19b-3p,hsa-miR-2110,0.0,0.5,nM
6,120.40403162897562,hsa-miR-19b-3p,hsa-miR-2110,0.0,0.0,nM
